block,timestep,rel_l2,mean_cos,cos_dist,frac_tokens_cos_below_0p9,baseline_token_norm_mean,injected_token_norm_mean,norm_ratio
0,0,0.09375379979610443,0.9963081479072571,0.00369185209274292,0.0,44.2626953125,44.82218551635742,1.0126402199393272
0,2,0.10750523209571838,0.9944325089454651,0.005567491054534912,0.0,43.2969856262207,43.855186462402344,1.0128923717923586
0,4,0.11955908685922623,0.9930060505867004,0.0069939494132995605,0.0,43.988258361816406,44.27748107910156,1.0065749981485108
0,6,0.13544687628746033,0.9910074472427368,0.008992552757263184,0.0,45.076011657714844,45.24174499511719,1.0036767524744834
0,8,0.15112201869487762,0.988864541053772,0.011135458946228027,0.0,46.17317581176758,46.15138626098633,0.9995280907063859
0,10,0.16736361384391785,0.9863941073417664,0.013605892658233643,0.0,47.19786834716797,47.07636260986328,0.9974256096395935
0,12,0.1833762675523758,0.9837468862533569,0.016253113746643066,0.0,48.15186309814453,47.82474136352539,0.9932064573710805
0,14,0.19762802124023438,0.9811319708824158,0.01886802911758423,0.0,48.99701690673828,48.59038543701172,0.9917008933319236
0,16,0.21861626207828522,0.9769511818885803,0.023048818111419678,0.0,49.85213088989258,49.352848052978516,0.989984724263506
0,18,0.23422835767269135,0.9735809564590454,0.02641904354095459,0.0,50.49436569213867,49.89826583862305,0.988194725384808
0,20,0.25070804357528687,0.9696288108825684,0.03037118911743164,0.0,51.07358932495117,50.462677001953125,0.9880385864578428
0,30,0.34193190932273865,0.9416963458061218,0.058303654193878174,0.039346590638160706,51.73934555053711,51.694915771484375,0.9991412767482856
0,40,0.5421671271324158,0.848434329032898,0.15156567096710205,0.7679687738418579,47.66356658935547,48.72935104370117,1.0223605686819022
0,49,1.008461833000183,0.44847631454467773,0.5515236854553223,1.0,40.76202392578125,44.491268157958984,1.0914882008549889
5,0,0.24971729516983032,0.9708629250526428,0.029137074947357178,7.102272502379492e-05,54.823081970214844,55.25746154785156,1.0079232973051884
5,2,0.43125033378601074,0.9044716358184814,0.09552836418151855,0.3931107819080353,43.29226303100586,45.89146423339844,1.060038469241745
5,4,0.4598367214202881,0.8956212997436523,0.10437870025634766,0.5543323755264282,42.19218826293945,41.85436248779297,0.9919931677152848
5,6,0.489205926656723,0.88511061668396,0.11488938331604004,0.7205255627632141,41.72957229614258,40.262611389160156,0.9648460114431121
5,8,0.5149139165878296,0.8754671216011047,0.12453287839889526,0.8102983236312866,41.50297546386719,39.32771301269531,0.9475877951674652
5,10,0.5391150116920471,0.8642503023147583,0.1357496976852417,0.8693891763687134,41.369361877441406,39.002159118652344,0.9427788428112087
5,12,0.5635486245155334,0.852270245552063,0.147729754447937,0.9227272868156433,41.28934097290039,38.75194549560547,0.9385459923189304
5,14,0.5886595249176025,0.8399708867073059,0.1600291132926941,0.9404829740524292,41.197471618652344,38.41704559326172,0.9325097896509801
5,16,0.6170188784599304,0.8230514526367188,0.17694854736328125,0.9541903138160706,41.21036148071289,38.58211135864258,0.9362235605892374
5,18,0.641187310218811,0.8087618947029114,0.19123810529708862,0.9632102251052856,41.06822967529297,38.41067123413086,0.9352891891816578
5,20,0.6623259782791138,0.7935773134231567,0.20642268657684326,0.97265625,40.97868728637695,38.627952575683594,0.9426351875484591
5,30,0.7823038101196289,0.6898244619369507,0.3101755380630493,0.9940341114997864,39.988075256347656,40.317378997802734,1.0082350485574523
5,40,0.8557147979736328,0.5438693165779114,0.4561306834220886,1.0,38.33401870727539,53.45835876464844,1.3945409473727473
5,49,0.9472034573554993,0.36326661705970764,0.6367333829402924,1.0,37.98340606689453,69.41915130615234,1.8276178598595056
10,0,0.3776107728481293,0.9365826845169067,0.06341731548309326,0.0856534093618393,57.85597610473633,55.381935119628906,0.9572379354445826
10,2,0.5198414921760559,0.8653140068054199,0.13468599319458008,0.8212357759475708,47.57232666015625,49.94073486328125,1.0497854187381723
10,4,0.5511366724967957,0.8523182272911072,0.14768177270889282,0.922088086605072,45.8145637512207,46.80392074584961,1.0215948142604008
10,6,0.5785977840423584,0.8383901715278625,0.16160982847213745,0.9683948755264282,44.69736862182617,45.14289474487305,1.0099676141299585
10,8,0.6069393157958984,0.8238527178764343,0.17614728212356567,0.988494336605072,43.8533821105957,43.654136657714844,0.9954565544710241
10,10,0.6304930448532104,0.810366153717041,0.18963384628295898,0.9941051006317139,43.27769088745117,42.88275909423828,0.9908744716939737
10,12,0.6550648212432861,0.7959112524986267,0.2040887475013733,0.9987925887107849,42.74878692626953,41.9846076965332,0.9821239552117739
10,14,0.67881178855896,0.7812427878379822,0.21875721216201782,0.9990056753158569,42.234527587890625,41.277435302734375,0.9773386293201806
10,16,0.7066167593002319,0.7618417739868164,0.2381582260131836,0.9999289512634277,41.856136322021484,40.87160110473633,0.9764781151869679
10,18,0.7296606302261353,0.7458229660987854,0.2541770339012146,0.9998579621315002,41.3830451965332,40.32746887207031,0.9744925411010759
10,20,0.7538499236106873,0.7279158234596252,0.27208417654037476,0.9998579621315002,41.03080749511719,39.960182189941406,0.9739067941740316
10,30,0.864300549030304,0.6221750974655151,0.37782490253448486,1.0,39.34455490112305,40.1522331237793,1.0205283354885073
10,40,0.9196006655693054,0.48154690861701965,0.5184530913829803,1.0,37.30922317504883,49.80064392089844,1.334807848644875
10,49,0.9479910731315613,0.35819900035858154,0.6418009996414185,1.0,34.4927978515625,67.18163299560547,1.947700307893759
15,0,0.5091938972473145,0.921237051486969,0.078762948513031,0.19573864340782166,62.778568267822266,58.47276306152344,0.931412816107407
15,2,0.6374056935310364,0.8481226563453674,0.15187734365463257,0.9508522748947144,49.30199432373047,51.106624603271484,1.0366035959456592
15,4,0.6727702021598816,0.8328486084938049,0.16715139150619507,0.9780539870262146,47.12130355834961,47.066497802734375,0.998836921912668
15,6,0.6996514797210693,0.8185121417045593,0.18148785829544067,0.9914772510528564,45.93559265136719,44.9162483215332,0.9778092700888742
15,8,0.7224540114402771,0.8039488792419434,0.19605112075805664,0.9965198636054993,45.01740646362305,42.997344970703125,0.9551271019010777
15,10,0.7410531640052795,0.7896859049797058,0.2103140950202942,0.9982244372367859,44.29814910888672,41.85856628417969,0.9449281093277637
15,12,0.7658231258392334,0.7738091349601746,0.22619086503982544,0.9995738863945007,43.61069869995117,40.78993606567383,0.9353194808071144
15,14,0.7832475304603577,0.7597201466560364,0.24027985334396362,0.9995028376579285,43.00556945800781,40.15831756591797,0.9337934149466384
15,16,0.8013713359832764,0.7389994263648987,0.2610005736351013,0.9995028376579285,42.59618377685547,39.69060134887695,0.9317877290792126
15,18,0.8180883526802063,0.7235141396522522,0.2764858603477478,0.9998579621315002,42.148807525634766,39.10856628417969,0.927868866999238
15,20,0.835723876953125,0.7057814002037048,0.29421859979629517,0.999786913394928,41.76776123046875,38.70854187011719,0.9267564439599429
15,30,0.9299858212471008,0.599822998046875,0.400177001953125,1.0,40.074554443359375,38.47721862792969,0.9601408964462143
15,40,0.9210325479507446,0.49800583720207214,0.5019941627979279,1.0,38.301307678222656,48.79483413696289,1.2739730597946828
15,49,0.8681230545043945,0.501900851726532,0.498099148273468,1.0,36.234642028808594,74.86724090576172,2.0661785714962497
20,0,0.5645224452018738,0.9413697719573975,0.05863022804260254,0.06441761553287506,55.818824768066406,47.189762115478516,0.8454094530215813
20,2,0.7412813901901245,0.85187828540802,0.14812171459197998,0.9511363506317139,40.21947479248047,38.43605422973633,0.9556577858874086
20,4,0.8116674423217773,0.8263133764266968,0.17368662357330322,0.9879971742630005,38.44306182861328,35.38396072387695,0.9204251441163973
20,6,0.8488724231719971,0.8009499907493591,0.19905000925064087,0.9966619610786438,37.746826171875,33.94671630859375,0.8993263739319971
20,8,0.8720839023590088,0.7756170034408569,0.22438299655914307,0.9985795617103577,37.22244644165039,32.824554443359375,0.8818483893801791
20,10,0.8978366851806641,0.7519012689590454,0.2480987310409546,0.999218761920929,36.789093017578125,32.23796081542969,0.8762912638271928
20,12,0.9190523028373718,0.7310003638267517,0.2689996361732483,0.9994317889213562,36.44500732421875,31.74342155456543,0.8709950658583355
20,14,0.941298246383667,0.7094718813896179,0.2905281186103821,0.9997159242630005,36.19050979614258,31.25032615661621,0.8634950525053691
20,16,0.9561987519264221,0.6841556429862976,0.3158443570137024,0.9995738863945007,35.99933624267578,31.215730667114258,0.8671196173364233
20,18,0.9656396508216858,0.6648793816566467,0.33512061834335327,0.999786913394928,35.795989990234375,31.143274307250977,0.8700213156766241
20,20,0.9771669507026672,0.6435539722442627,0.3564460277557373,0.9996448755264282,35.636173248291016,31.127946853637695,0.8734929712221691
20,30,1.0930529832839966,0.5077177882194519,0.4922822117805481,1.0,34.577938079833984,31.803085327148438,0.9197507744308254
20,40,1.0712226629257202,0.3537309765815735,0.6462690234184265,1.0,33.01834487915039,40.57905197143555,1.228985042101835
20,49,0.9839246273040771,0.30221307277679443,0.6977869272232056,1.0,31.776697158813477,59.99360656738281,1.8879748976914421
25,0,0.4257325530052185,0.952927827835083,0.04707217216491699,0.017542613670229912,53.23649215698242,44.84537124633789,0.8423802814448967
25,2,0.5770019292831421,0.8691458106040955,0.13085418939590454,0.8634232878684998,39.883235931396484,37.442256927490234,0.9387968667310496
25,4,0.6323444247245789,0.8460314869880676,0.15396851301193237,0.9741477370262146,38.409584045410156,34.957984924316406,0.9101370346262261
25,6,0.6734836101531982,0.8226513862609863,0.17734861373901367,0.9932528138160706,37.82880783081055,34.111289978027344,0.9017278612265601
25,8,0.7061663269996643,0.8011502623558044,0.19884973764419556,0.9975141882896423,37.34633255004883,33.473052978515625,0.8962875520282342
25,10,0.736499547958374,0.7776136994361877,0.22238630056381226,0.9990056753158569,37.03689956665039,33.161399841308594,0.895361119027591
25,12,0.7706679701805115,0.7550695538520813,0.2449304461479187,0.999786913394928,36.816219329833984,33.001312255859375,0.8963797167819673
25,14,0.7966023087501526,0.73512864112854,0.26487135887145996,0.9997159242630005,36.711299896240234,32.81629180908203,0.8939016570329315
25,16,0.8338779807090759,0.7058954238891602,0.29410457611083984,0.9998579621315002,36.72084426879883,32.761268615722656,0.8921708982480948
25,18,0.8641523122787476,0.6824172139167786,0.31758278608322144,0.9998579621315002,36.657264709472656,32.65231704711914,0.8907461401145244
25,20,0.8932406902313232,0.6569743752479553,0.3430256247520447,0.999786913394928,36.64356231689453,32.70735549926758,0.8925812183982952
25,30,1.072716474533081,0.4814523756504059,0.5185476243495941,1.0,36.39934158325195,33.121517181396484,0.9099482501803368
25,40,1.1914315223693848,0.21036098897457123,0.7896390110254288,1.0,35.98310852050781,40.38356399536133,1.1222922547768648
25,49,1.2086907625198364,0.0009557789890095592,0.9990442210109904,1.0,36.92437744140625,54.2889518737793,1.470273993378173
29,0,0.18809832632541656,0.9877945184707642,0.01220548152923584,0.0,114.52670288085938,104.72059631347656,0.9143771162469946
29,2,0.301914244890213,0.9611179828643799,0.03888201713562012,0.00042613636469468474,113.13240051269531,104.3268814086914,0.922166248889806
29,4,0.31607550382614136,0.95673668384552,0.04326331615447998,0.000994318164885044,111.99104309082031,103.5458984375,0.9245908920906145
29,6,0.3340243399143219,0.9513038396835327,0.048696160316467285,0.011647727340459824,110.84310913085938,102.51782989501953,0.9248913234109017
29,8,0.34776070713996887,0.9470237493515015,0.052976250648498535,0.024289771914482117,109.61946105957031,101.34941101074219,0.924556735009544
29,10,0.36400771141052246,0.9418432712554932,0.058156728744506836,0.04140625149011612,108.35856628417969,100.07461547851562,0.9235505683608005
29,12,0.37744584679603577,0.9373006224632263,0.06269937753677368,0.062428977340459824,107.05949401855469,98.83853912353516,0.9232113417835252
29,14,0.3898402452468872,0.9328964352607727,0.0671035647392273,0.09758522361516953,105.66999816894531,97.57044219970703,0.9233504674024059
29,16,0.4084812104701996,0.9258676767349243,0.07413232326507568,0.15184658765792847,104.25785064697266,96.36793518066406,0.9243230565626696
29,18,0.42274513840675354,0.9203029870986938,0.07969701290130615,0.20276989042758942,102.65992736816406,94.95693969726562,0.9249659738870298
29,20,0.43900784850120544,0.913693904876709,0.08630609512329102,0.27421873807907104,100.96089172363281,93.48914337158203,0.9259936374917952
29,30,0.5546481013298035,0.8603686690330505,0.13963133096694946,0.8377841114997864,89.90523529052734,83.53303527832031,0.9291231484838968
29,40,0.8843913078308105,0.6202542185783386,0.3797457814216614,1.0,70.24014282226562,68.5517578125,0.9759626768692956
29,49,1.1402970552444458,-0.053850457072257996,1.053850457072258,1.0,35.969940185546875,72.67301940917969,2.0203819921385504
